Modelo,MAE,RMSE,MAPE,R²
Moving_Average,11.090323232323236,16.005009181472634,inf,-0.22089921577135016
SES,11.471646522795684,16.77968118770274,inf,-0.23864856858602382
Holt_Winters,11.636059323367528,16.738424354518393,inf,-0.24930071325487507
ARIMA,12.110519680389087,16.866962619456327,inf,-0.4430921954814557
SARIMA,13.012263959089585,17.67472544616077,inf,-0.6060425940300513
Naive,13.987272727272726,19.03950526137787,inf,-0.4912868683077262
