{
  "model_name": "Ridge",
  "metrics": {
    "Modelo": "Ridge",
    "MAE": 1.5444279695392404,
    "RMSE": 2.2489954712087585,
    "MAPE": 2846237230.5763755,
    "R\u00b2": 0.8545870004685686
  }
}